{
  "project_info": {
    "project_number": "92216830249",
    "firebase_url": "https://mysimpleotp-49651.firebaseio.com",
    "project_id": "mysimpleotp-49651",
    "storage_bucket": "mysimpleotp-49651.appspot.com"
  },
  "client": [
    {
      "client_info": {
        "mobilesdk_app_id": "1:92216830249:android:3f60edaa55f8343d9c6f38",
        "android_client_info": {
          "package_name": "com.example.otp"
        }
      },
      "oauth_client": [
        {
          "client_id": "92216830249-rg4b4ap5gh1q124hkn50opfnt651tv6b.apps.googleusercontent.com",
          "client_type": 3
        }
      ],
      "api_key": [
        {
          "current_key": "AIzaSyADjzeIyBR3r_WVT_WKHY251tLwGhltBN8"
        }
      ],
      "services": {
        "appinvite_service": {
          "other_platform_oauth_client": [
            {
              "client_id": "92216830249-rg4b4ap5gh1q124hkn50opfnt651tv6b.apps.googleusercontent.com",
              "client_type": 3
            }
          ]
        }
      }
    }
  ],
  "configuration_version": "1"
}